{
    "$schema": "https://schema.management.azure.com/schemas/2015-01-01/deploymentTemplate.json#",
    "contentVersion": "1.0.0.0",
    "parameters": {
        "servers_doi_oneworld_mysql_name": {
            "defaultValue": "doi-oneworld-mysql",
            "type": "String"
        }
    },
    "variables": {},
    "resources": [
        {
            "type": "Microsoft.DBforMySQL/servers",
            "apiVersion": "2017-12-01",
            "name": "[parameters('servers_doi_oneworld_mysql_name')]",
            "location": "centralus",
            "sku": {
                "name": "B_Gen5_2",
                "tier": "Basic",
                "family": "Gen5",
                "capacity": 2
            },
            "properties": {
                "storageProfile": {
                    "storageMB": 51200,
                    "backupRetentionDays": 7,
                    "geoRedundantBackup": "Disabled",
                    "storageAutoGrow": "Enabled"
                },
                "version": "5.7",
                "sslEnforcement": "Enabled"
            }
        },
        {
            "type": "Microsoft.DBforMySQL/servers/configurations",
            "apiVersion": "2017-12-01",
            "name": "[concat(parameters('servers_doi_oneworld_mysql_name'), '/audit_log_enabled')]",
            "dependsOn": [
                "[resourceId('Microsoft.DBforMySQL/servers', parameters('servers_doi_oneworld_mysql_name'))]"
            ],
            "properties": {
                "value": "OFF",
                "source": "system-default"
            }
        },
        {
            "type": "Microsoft.DBforMySQL/servers/configurations",
            "apiVersion": "2017-12-01",
            "name": "[concat(parameters('servers_doi_oneworld_mysql_name'), '/audit_log_events')]",
            "dependsOn": [
                "[resourceId('Microsoft.DBforMySQL/servers', parameters('servers_doi_oneworld_mysql_name'))]"
            ],
            "properties": {
                "value": "CONNECTION",
                "source": "system-default"
            }
        },
        {
            "type": "Microsoft.DBforMySQL/servers/configurations",
            "apiVersion": "2017-12-01",
            "name": "[concat(parameters('servers_doi_oneworld_mysql_name'), '/audit_log_exclude_users')]",
            "dependsOn": [
                "[resourceId('Microsoft.DBforMySQL/servers', parameters('servers_doi_oneworld_mysql_name'))]"
            ],
            "properties": {
                "value": "azure_superuser",
                "source": "system-default"
            }
        },
        {
            "type": "Microsoft.DBforMySQL/servers/configurations",
            "apiVersion": "2017-12-01",
            "name": "[concat(parameters('servers_doi_oneworld_mysql_name'), '/audit_log_include_users')]",
            "dependsOn": [
                "[resourceId('Microsoft.DBforMySQL/servers', parameters('servers_doi_oneworld_mysql_name'))]"
            ],
            "properties": {
                "source": "system-default"
            }
        },
        {
            "type": "Microsoft.DBforMySQL/servers/configurations",
            "apiVersion": "2017-12-01",
            "name": "[concat(parameters('servers_doi_oneworld_mysql_name'), '/binlog_expire_logs_seconds')]",
            "dependsOn": [
                "[resourceId('Microsoft.DBforMySQL/servers', parameters('servers_doi_oneworld_mysql_name'))]"
            ],
            "properties": {
                "value": "0",
                "source": "system-default"
            }
        },
        {
            "type": "Microsoft.DBforMySQL/servers/configurations",
            "apiVersion": "2017-12-01",
            "name": "[concat(parameters('servers_doi_oneworld_mysql_name'), '/binlog_group_commit_sync_delay')]",
            "dependsOn": [
                "[resourceId('Microsoft.DBforMySQL/servers', parameters('servers_doi_oneworld_mysql_name'))]"
            ],
            "properties": {
                "value": "1000",
                "source": "system-default"
            }
        },
        {
            "type": "Microsoft.DBforMySQL/servers/configurations",
            "apiVersion": "2017-12-01",
            "name": "[concat(parameters('servers_doi_oneworld_mysql_name'), '/binlog_group_commit_sync_no_delay_count')]",
            "dependsOn": [
                "[resourceId('Microsoft.DBforMySQL/servers', parameters('servers_doi_oneworld_mysql_name'))]"
            ],
            "properties": {
                "value": "0",
                "source": "system-default"
            }
        },
        {
            "type": "Microsoft.DBforMySQL/servers/configurations",
            "apiVersion": "2017-12-01",
            "name": "[concat(parameters('servers_doi_oneworld_mysql_name'), '/binlog_row_image')]",
            "dependsOn": [
                "[resourceId('Microsoft.DBforMySQL/servers', parameters('servers_doi_oneworld_mysql_name'))]"
            ],
            "properties": {
                "value": "minimal",
                "source": "system-default"
            }
        },
        {
            "type": "Microsoft.DBforMySQL/servers/configurations",
            "apiVersion": "2017-12-01",
            "name": "[concat(parameters('servers_doi_oneworld_mysql_name'), '/character_set_server')]",
            "dependsOn": [
                "[resourceId('Microsoft.DBforMySQL/servers', parameters('servers_doi_oneworld_mysql_name'))]"
            ],
            "properties": {
                "value": "latin1",
                "source": "system-default"
            }
        },
        {
            "type": "Microsoft.DBforMySQL/servers/configurations",
            "apiVersion": "2017-12-01",
            "name": "[concat(parameters('servers_doi_oneworld_mysql_name'), '/default_week_format')]",
            "dependsOn": [
                "[resourceId('Microsoft.DBforMySQL/servers', parameters('servers_doi_oneworld_mysql_name'))]"
            ],
            "properties": {
                "value": "0",
                "source": "system-default"
            }
        },
        {
            "type": "Microsoft.DBforMySQL/servers/configurations",
            "apiVersion": "2017-12-01",
            "name": "[concat(parameters('servers_doi_oneworld_mysql_name'), '/div_precision_increment')]",
            "dependsOn": [
                "[resourceId('Microsoft.DBforMySQL/servers', parameters('servers_doi_oneworld_mysql_name'))]"
            ],
            "properties": {
                "value": "4",
                "source": "system-default"
            }
        },
        {
            "type": "Microsoft.DBforMySQL/servers/configurations",
            "apiVersion": "2017-12-01",
            "name": "[concat(parameters('servers_doi_oneworld_mysql_name'), '/eq_range_index_dive_limit')]",
            "dependsOn": [
                "[resourceId('Microsoft.DBforMySQL/servers', parameters('servers_doi_oneworld_mysql_name'))]"
            ],
            "properties": {
                "value": "200",
                "source": "system-default"
            }
        },
        {
            "type": "Microsoft.DBforMySQL/servers/configurations",
            "apiVersion": "2017-12-01",
            "name": "[concat(parameters('servers_doi_oneworld_mysql_name'), '/event_scheduler')]",
            "dependsOn": [
                "[resourceId('Microsoft.DBforMySQL/servers', parameters('servers_doi_oneworld_mysql_name'))]"
            ],
            "properties": {
                "value": "OFF",
                "source": "system-default"
            }
        },
        {
            "type": "Microsoft.DBforMySQL/servers/configurations",
            "apiVersion": "2017-12-01",
            "name": "[concat(parameters('servers_doi_oneworld_mysql_name'), '/flush_time')]",
            "dependsOn": [
                "[resourceId('Microsoft.DBforMySQL/servers', parameters('servers_doi_oneworld_mysql_name'))]"
            ],
            "properties": {
                "value": "0",
                "source": "system-default"
            }
        },
        {
            "type": "Microsoft.DBforMySQL/servers/configurations",
            "apiVersion": "2017-12-01",
            "name": "[concat(parameters('servers_doi_oneworld_mysql_name'), '/ft_query_expansion_limit')]",
            "dependsOn": [
                "[resourceId('Microsoft.DBforMySQL/servers', parameters('servers_doi_oneworld_mysql_name'))]"
            ],
            "properties": {
                "value": "20",
                "source": "system-default"
            }
        },
        {
            "type": "Microsoft.DBforMySQL/servers/configurations",
            "apiVersion": "2017-12-01",
            "name": "[concat(parameters('servers_doi_oneworld_mysql_name'), '/group_concat_max_len')]",
            "dependsOn": [
                "[resourceId('Microsoft.DBforMySQL/servers', parameters('servers_doi_oneworld_mysql_name'))]"
            ],
            "properties": {
                "value": "1024",
                "source": "system-default"
            }
        },
        {
            "type": "Microsoft.DBforMySQL/servers/configurations",
            "apiVersion": "2017-12-01",
            "name": "[concat(parameters('servers_doi_oneworld_mysql_name'), '/init_connect')]",
            "dependsOn": [
                "[resourceId('Microsoft.DBforMySQL/servers', parameters('servers_doi_oneworld_mysql_name'))]"
            ],
            "properties": {
                "source": "system-default"
            }
        },
        {
            "type": "Microsoft.DBforMySQL/servers/configurations",
            "apiVersion": "2017-12-01",
            "name": "[concat(parameters('servers_doi_oneworld_mysql_name'), '/innodb_adaptive_flushing')]",
            "dependsOn": [
                "[resourceId('Microsoft.DBforMySQL/servers', parameters('servers_doi_oneworld_mysql_name'))]"
            ],
            "properties": {
                "value": "ON",
                "source": "system-default"
            }
        },
        {
            "type": "Microsoft.DBforMySQL/servers/configurations",
            "apiVersion": "2017-12-01",
            "name": "[concat(parameters('servers_doi_oneworld_mysql_name'), '/innodb_adaptive_flushing_lwm')]",
            "dependsOn": [
                "[resourceId('Microsoft.DBforMySQL/servers', parameters('servers_doi_oneworld_mysql_name'))]"
            ],
            "properties": {
                "value": "10",
                "source": "system-default"
            }
        },
        {
            "type": "Microsoft.DBforMySQL/servers/configurations",
            "apiVersion": "2017-12-01",
            "name": "[concat(parameters('servers_doi_oneworld_mysql_name'), '/innodb_adaptive_hash_index')]",
            "dependsOn": [
                "[resourceId('Microsoft.DBforMySQL/servers', parameters('servers_doi_oneworld_mysql_name'))]"
            ],
            "properties": {
                "value": "ON",
                "source": "system-default"
            }
        },
        {
            "type": "Microsoft.DBforMySQL/servers/configurations",
            "apiVersion": "2017-12-01",
            "name": "[concat(parameters('servers_doi_oneworld_mysql_name'), '/innodb_adaptive_hash_index_parts')]",
            "dependsOn": [
                "[resourceId('Microsoft.DBforMySQL/servers', parameters('servers_doi_oneworld_mysql_name'))]"
            ],
            "properties": {
                "value": "8",
                "source": "system-default"
            }
        },
        {
            "type": "Microsoft.DBforMySQL/servers/configurations",
            "apiVersion": "2017-12-01",
            "name": "[concat(parameters('servers_doi_oneworld_mysql_name'), '/innodb_adaptive_max_sleep_delay')]",
            "dependsOn": [
                "[resourceId('Microsoft.DBforMySQL/servers', parameters('servers_doi_oneworld_mysql_name'))]"
            ],
            "properties": {
                "value": "150000",
                "source": "system-default"
            }
        },
        {
            "type": "Microsoft.DBforMySQL/servers/configurations",
            "apiVersion": "2017-12-01",
            "name": "[concat(parameters('servers_doi_oneworld_mysql_name'), '/innodb_autoextend_increment')]",
            "dependsOn": [
                "[resourceId('Microsoft.DBforMySQL/servers', parameters('servers_doi_oneworld_mysql_name'))]"
            ],
            "properties": {
                "value": "64",
                "source": "system-default"
            }
        },
        {
            "type": "Microsoft.DBforMySQL/servers/configurations",
            "apiVersion": "2017-12-01",
            "name": "[concat(parameters('servers_doi_oneworld_mysql_name'), '/innodb_autoinc_lock_mode')]",
            "dependsOn": [
                "[resourceId('Microsoft.DBforMySQL/servers', parameters('servers_doi_oneworld_mysql_name'))]"
            ],
            "properties": {
                "value": "1",
                "source": "system-default"
            }
        },
        {
            "type": "Microsoft.DBforMySQL/servers/configurations",
            "apiVersion": "2017-12-01",
            "name": "[concat(parameters('servers_doi_oneworld_mysql_name'), '/innodb_buffer_pool_dump_pct')]",
            "dependsOn": [
                "[resourceId('Microsoft.DBforMySQL/servers', parameters('servers_doi_oneworld_mysql_name'))]"
            ],
            "properties": {
                "value": "25",
                "source": "system-default"
            }
        },
        {
            "type": "Microsoft.DBforMySQL/servers/configurations",
            "apiVersion": "2017-12-01",
            "name": "[concat(parameters('servers_doi_oneworld_mysql_name'), '/innodb_buffer_pool_size')]",
            "dependsOn": [
                "[resourceId('Microsoft.DBforMySQL/servers', parameters('servers_doi_oneworld_mysql_name'))]"
            ],
            "properties": {
                "value": "2684354560",
                "source": "system-default"
            }
        },
        {
            "type": "Microsoft.DBforMySQL/servers/configurations",
            "apiVersion": "2017-12-01",
            "name": "[concat(parameters('servers_doi_oneworld_mysql_name'), '/innodb_change_buffer_max_size')]",
            "dependsOn": [
                "[resourceId('Microsoft.DBforMySQL/servers', parameters('servers_doi_oneworld_mysql_name'))]"
            ],
            "properties": {
                "value": "25",
                "source": "system-default"
            }
        },
        {
            "type": "Microsoft.DBforMySQL/servers/configurations",
            "apiVersion": "2017-12-01",
            "name": "[concat(parameters('servers_doi_oneworld_mysql_name'), '/innodb_change_buffering')]",
            "dependsOn": [
                "[resourceId('Microsoft.DBforMySQL/servers', parameters('servers_doi_oneworld_mysql_name'))]"
            ],
            "properties": {
                "value": "all",
                "source": "system-default"
            }
        },
        {
            "type": "Microsoft.DBforMySQL/servers/configurations",
            "apiVersion": "2017-12-01",
            "name": "[concat(parameters('servers_doi_oneworld_mysql_name'), '/innodb_cmp_per_index_enabled')]",
            "dependsOn": [
                "[resourceId('Microsoft.DBforMySQL/servers', parameters('servers_doi_oneworld_mysql_name'))]"
            ],
            "properties": {
                "value": "OFF",
                "source": "system-default"
            }
        },
        {
            "type": "Microsoft.DBforMySQL/servers/configurations",
            "apiVersion": "2017-12-01",
            "name": "[concat(parameters('servers_doi_oneworld_mysql_name'), '/innodb_commit_concurrency')]",
            "dependsOn": [
                "[resourceId('Microsoft.DBforMySQL/servers', parameters('servers_doi_oneworld_mysql_name'))]"
            ],
            "properties": {
                "value": "0",
                "source": "system-default"
            }
        },
        {
            "type": "Microsoft.DBforMySQL/servers/configurations",
            "apiVersion": "2017-12-01",
            "name": "[concat(parameters('servers_doi_oneworld_mysql_name'), '/innodb_compression_failure_threshold_pct')]",
            "dependsOn": [
                "[resourceId('Microsoft.DBforMySQL/servers', parameters('servers_doi_oneworld_mysql_name'))]"
            ],
            "properties": {
                "value": "5",
                "source": "system-default"
            }
        },
        {
            "type": "Microsoft.DBforMySQL/servers/configurations",
            "apiVersion": "2017-12-01",
            "name": "[concat(parameters('servers_doi_oneworld_mysql_name'), '/innodb_compression_level')]",
            "dependsOn": [
                "[resourceId('Microsoft.DBforMySQL/servers', parameters('servers_doi_oneworld_mysql_name'))]"
            ],
            "properties": {
                "value": "6",
                "source": "system-default"
            }
        },
        {
            "type": "Microsoft.DBforMySQL/servers/configurations",
            "apiVersion": "2017-12-01",
            "name": "[concat(parameters('servers_doi_oneworld_mysql_name'), '/innodb_compression_pad_pct_max')]",
            "dependsOn": [
                "[resourceId('Microsoft.DBforMySQL/servers', parameters('servers_doi_oneworld_mysql_name'))]"
            ],
            "properties": {
                "value": "50",
                "source": "system-default"
            }
        },
        {
            "type": "Microsoft.DBforMySQL/servers/configurations",
            "apiVersion": "2017-12-01",
            "name": "[concat(parameters('servers_doi_oneworld_mysql_name'), '/innodb_concurrency_tickets')]",
            "dependsOn": [
                "[resourceId('Microsoft.DBforMySQL/servers', parameters('servers_doi_oneworld_mysql_name'))]"
            ],
            "properties": {
                "value": "5000",
                "source": "system-default"
            }
        },
        {
            "type": "Microsoft.DBforMySQL/servers/configurations",
            "apiVersion": "2017-12-01",
            "name": "[concat(parameters('servers_doi_oneworld_mysql_name'), '/innodb_deadlock_detect')]",
            "dependsOn": [
                "[resourceId('Microsoft.DBforMySQL/servers', parameters('servers_doi_oneworld_mysql_name'))]"
            ],
            "properties": {
                "value": "ON",
                "source": "system-default"
            }
        },
        {
            "type": "Microsoft.DBforMySQL/servers/configurations",
            "apiVersion": "2017-12-01",
            "name": "[concat(parameters('servers_doi_oneworld_mysql_name'), '/innodb_default_row_format')]",
            "dependsOn": [
                "[resourceId('Microsoft.DBforMySQL/servers', parameters('servers_doi_oneworld_mysql_name'))]"
            ],
            "properties": {
                "value": "DYNAMIC",
                "source": "system-default"
            }
        },
        {
            "type": "Microsoft.DBforMySQL/servers/configurations",
            "apiVersion": "2017-12-01",
            "name": "[concat(parameters('servers_doi_oneworld_mysql_name'), '/innodb_file_format')]",
            "dependsOn": [
                "[resourceId('Microsoft.DBforMySQL/servers', parameters('servers_doi_oneworld_mysql_name'))]"
            ],
            "properties": {
                "value": "Barracuda",
                "source": "system-default"
            }
        },
        {
            "type": "Microsoft.DBforMySQL/servers/configurations",
            "apiVersion": "2017-12-01",
            "name": "[concat(parameters('servers_doi_oneworld_mysql_name'), '/innodb_fill_factor')]",
            "dependsOn": [
                "[resourceId('Microsoft.DBforMySQL/servers', parameters('servers_doi_oneworld_mysql_name'))]"
            ],
            "properties": {
                "value": "100",
                "source": "system-default"
            }
        },
        {
            "type": "Microsoft.DBforMySQL/servers/configurations",
            "apiVersion": "2017-12-01",
            "name": "[concat(parameters('servers_doi_oneworld_mysql_name'), '/innodb_ft_enable_stopword')]",
            "dependsOn": [
                "[resourceId('Microsoft.DBforMySQL/servers', parameters('servers_doi_oneworld_mysql_name'))]"
            ],
            "properties": {
                "value": "ON",
                "source": "system-default"
            }
        },
        {
            "type": "Microsoft.DBforMySQL/servers/configurations",
            "apiVersion": "2017-12-01",
            "name": "[concat(parameters('servers_doi_oneworld_mysql_name'), '/innodb_ft_max_token_size')]",
            "dependsOn": [
                "[resourceId('Microsoft.DBforMySQL/servers', parameters('servers_doi_oneworld_mysql_name'))]"
            ],
            "properties": {
                "value": "84",
                "source": "system-default"
            }
        },
        {
            "type": "Microsoft.DBforMySQL/servers/configurations",
            "apiVersion": "2017-12-01",
            "name": "[concat(parameters('servers_doi_oneworld_mysql_name'), '/innodb_ft_min_token_size')]",
            "dependsOn": [
                "[resourceId('Microsoft.DBforMySQL/servers', parameters('servers_doi_oneworld_mysql_name'))]"
            ],
            "properties": {
                "value": "3",
                "source": "system-default"
            }
        },
        {
            "type": "Microsoft.DBforMySQL/servers/configurations",
            "apiVersion": "2017-12-01",
            "name": "[concat(parameters('servers_doi_oneworld_mysql_name'), '/innodb_ft_num_word_optimize')]",
            "dependsOn": [
                "[resourceId('Microsoft.DBforMySQL/servers', parameters('servers_doi_oneworld_mysql_name'))]"
            ],
            "properties": {
                "value": "2000",
                "source": "system-default"
            }
        },
        {
            "type": "Microsoft.DBforMySQL/servers/configurations",
            "apiVersion": "2017-12-01",
            "name": "[concat(parameters('servers_doi_oneworld_mysql_name'), '/innodb_ft_result_cache_limit')]",
            "dependsOn": [
                "[resourceId('Microsoft.DBforMySQL/servers', parameters('servers_doi_oneworld_mysql_name'))]"
            ],
            "properties": {
                "value": "2000000000",
                "source": "system-default"
            }
        },
        {
            "type": "Microsoft.DBforMySQL/servers/configurations",
            "apiVersion": "2017-12-01",
            "name": "[concat(parameters('servers_doi_oneworld_mysql_name'), '/innodb_ft_sort_pll_degree')]",
            "dependsOn": [
                "[resourceId('Microsoft.DBforMySQL/servers', parameters('servers_doi_oneworld_mysql_name'))]"
            ],
            "properties": {
                "value": "2",
                "source": "system-default"
            }
        },
        {
            "type": "Microsoft.DBforMySQL/servers/configurations",
            "apiVersion": "2017-12-01",
            "name": "[concat(parameters('servers_doi_oneworld_mysql_name'), '/innodb_io_capacity')]",
            "dependsOn": [
                "[resourceId('Microsoft.DBforMySQL/servers', parameters('servers_doi_oneworld_mysql_name'))]"
            ],
            "properties": {
                "value": "200",
                "source": "system-default"
            }
        },
        {
            "type": "Microsoft.DBforMySQL/servers/configurations",
            "apiVersion": "2017-12-01",
            "name": "[concat(parameters('servers_doi_oneworld_mysql_name'), '/innodb_io_capacity_max')]",
            "dependsOn": [
                "[resourceId('Microsoft.DBforMySQL/servers', parameters('servers_doi_oneworld_mysql_name'))]"
            ],
            "properties": {
                "value": "2000",
                "source": "system-default"
            }
        },
        {
            "type": "Microsoft.DBforMySQL/servers/configurations",
            "apiVersion": "2017-12-01",
            "name": "[concat(parameters('servers_doi_oneworld_mysql_name'), '/innodb_large_prefix')]",
            "dependsOn": [
                "[resourceId('Microsoft.DBforMySQL/servers', parameters('servers_doi_oneworld_mysql_name'))]"
            ],
            "properties": {
                "value": "ON",
                "source": "system-default"
            }
        },
        {
            "type": "Microsoft.DBforMySQL/servers/configurations",
            "apiVersion": "2017-12-01",
            "name": "[concat(parameters('servers_doi_oneworld_mysql_name'), '/innodb_lock_wait_timeout')]",
            "dependsOn": [
                "[resourceId('Microsoft.DBforMySQL/servers', parameters('servers_doi_oneworld_mysql_name'))]"
            ],
            "properties": {
                "value": "50",
                "source": "system-default"
            }
        },
        {
            "type": "Microsoft.DBforMySQL/servers/configurations",
            "apiVersion": "2017-12-01",
            "name": "[concat(parameters('servers_doi_oneworld_mysql_name'), '/innodb_log_compressed_pages')]",
            "dependsOn": [
                "[resourceId('Microsoft.DBforMySQL/servers', parameters('servers_doi_oneworld_mysql_name'))]"
            ],
            "properties": {
                "value": "ON",
                "source": "system-default"
            }
        },
        {
            "type": "Microsoft.DBforMySQL/servers/configurations",
            "apiVersion": "2017-12-01",
            "name": "[concat(parameters('servers_doi_oneworld_mysql_name'), '/innodb_lru_scan_depth')]",
            "dependsOn": [
                "[resourceId('Microsoft.DBforMySQL/servers', parameters('servers_doi_oneworld_mysql_name'))]"
            ],
            "properties": {
                "value": "1024",
                "source": "system-default"
            }
        },
        {
            "type": "Microsoft.DBforMySQL/servers/configurations",
            "apiVersion": "2017-12-01",
            "name": "[concat(parameters('servers_doi_oneworld_mysql_name'), '/innodb_max_dirty_pages_pct')]",
            "dependsOn": [
                "[resourceId('Microsoft.DBforMySQL/servers', parameters('servers_doi_oneworld_mysql_name'))]"
            ],
            "properties": {
                "value": "75",
                "source": "system-default"
            }
        },
        {
            "type": "Microsoft.DBforMySQL/servers/configurations",
            "apiVersion": "2017-12-01",
            "name": "[concat(parameters('servers_doi_oneworld_mysql_name'), '/innodb_max_dirty_pages_pct_lwm')]",
            "dependsOn": [
                "[resourceId('Microsoft.DBforMySQL/servers', parameters('servers_doi_oneworld_mysql_name'))]"
            ],
            "properties": {
                "value": "0",
                "source": "system-default"
            }
        },
        {
            "type": "Microsoft.DBforMySQL/servers/configurations",
            "apiVersion": "2017-12-01",
            "name": "[concat(parameters('servers_doi_oneworld_mysql_name'), '/innodb_max_purge_lag')]",
            "dependsOn": [
                "[resourceId('Microsoft.DBforMySQL/servers', parameters('servers_doi_oneworld_mysql_name'))]"
            ],
            "properties": {
                "value": "0",
                "source": "system-default"
            }
        },
        {
            "type": "Microsoft.DBforMySQL/servers/configurations",
            "apiVersion": "2017-12-01",
            "name": "[concat(parameters('servers_doi_oneworld_mysql_name'), '/innodb_max_purge_lag_delay')]",
            "dependsOn": [
                "[resourceId('Microsoft.DBforMySQL/servers', parameters('servers_doi_oneworld_mysql_name'))]"
            ],
            "properties": {
                "value": "0",
                "source": "system-default"
            }
        },
        {
            "type": "Microsoft.DBforMySQL/servers/configurations",
            "apiVersion": "2017-12-01",
            "name": "[concat(parameters('servers_doi_oneworld_mysql_name'), '/innodb_old_blocks_pct')]",
            "dependsOn": [
                "[resourceId('Microsoft.DBforMySQL/servers', parameters('servers_doi_oneworld_mysql_name'))]"
            ],
            "properties": {
                "value": "37",
                "source": "system-default"
            }
        },
        {
            "type": "Microsoft.DBforMySQL/servers/configurations",
            "apiVersion": "2017-12-01",
            "name": "[concat(parameters('servers_doi_oneworld_mysql_name'), '/innodb_old_blocks_time')]",
            "dependsOn": [
                "[resourceId('Microsoft.DBforMySQL/servers', parameters('servers_doi_oneworld_mysql_name'))]"
            ],
            "properties": {
                "value": "1000",
                "source": "system-default"
            }
        },
        {
            "type": "Microsoft.DBforMySQL/servers/configurations",
            "apiVersion": "2017-12-01",
            "name": "[concat(parameters('servers_doi_oneworld_mysql_name'), '/innodb_optimize_fulltext_only')]",
            "dependsOn": [
                "[resourceId('Microsoft.DBforMySQL/servers', parameters('servers_doi_oneworld_mysql_name'))]"
            ],
            "properties": {
                "value": "OFF",
                "source": "system-default"
            }
        },
        {
            "type": "Microsoft.DBforMySQL/servers/configurations",
            "apiVersion": "2017-12-01",
            "name": "[concat(parameters('servers_doi_oneworld_mysql_name'), '/innodb_page_cleaners')]",
            "dependsOn": [
                "[resourceId('Microsoft.DBforMySQL/servers', parameters('servers_doi_oneworld_mysql_name'))]"
            ],
            "properties": {
                "value": "4",
                "source": "system-default"
            }
        },
        {
            "type": "Microsoft.DBforMySQL/servers/configurations",
            "apiVersion": "2017-12-01",
            "name": "[concat(parameters('servers_doi_oneworld_mysql_name'), '/innodb_purge_batch_size')]",
            "dependsOn": [
                "[resourceId('Microsoft.DBforMySQL/servers', parameters('servers_doi_oneworld_mysql_name'))]"
            ],
            "properties": {
                "value": "300",
                "source": "system-default"
            }
        },
        {
            "type": "Microsoft.DBforMySQL/servers/configurations",
            "apiVersion": "2017-12-01",
            "name": "[concat(parameters('servers_doi_oneworld_mysql_name'), '/innodb_purge_rseg_truncate_frequency')]",
            "dependsOn": [
                "[resourceId('Microsoft.DBforMySQL/servers', parameters('servers_doi_oneworld_mysql_name'))]"
            ],
            "properties": {
                "value": "128",
                "source": "system-default"
            }
        },
        {
            "type": "Microsoft.DBforMySQL/servers/configurations",
            "apiVersion": "2017-12-01",
            "name": "[concat(parameters('servers_doi_oneworld_mysql_name'), '/innodb_purge_threads')]",
            "dependsOn": [
                "[resourceId('Microsoft.DBforMySQL/servers', parameters('servers_doi_oneworld_mysql_name'))]"
            ],
            "properties": {
                "value": "4",
                "source": "system-default"
            }
        },
        {
            "type": "Microsoft.DBforMySQL/servers/configurations",
            "apiVersion": "2017-12-01",
            "name": "[concat(parameters('servers_doi_oneworld_mysql_name'), '/innodb_random_read_ahead')]",
            "dependsOn": [
                "[resourceId('Microsoft.DBforMySQL/servers', parameters('servers_doi_oneworld_mysql_name'))]"
            ],
            "properties": {
                "value": "OFF",
                "source": "system-default"
            }
        },
        {
            "type": "Microsoft.DBforMySQL/servers/configurations",
            "apiVersion": "2017-12-01",
            "name": "[concat(parameters('servers_doi_oneworld_mysql_name'), '/innodb_read_ahead_threshold')]",
            "dependsOn": [
                "[resourceId('Microsoft.DBforMySQL/servers', parameters('servers_doi_oneworld_mysql_name'))]"
            ],
            "properties": {
                "value": "56",
                "source": "system-default"
            }
        },
        {
            "type": "Microsoft.DBforMySQL/servers/configurations",
            "apiVersion": "2017-12-01",
            "name": "[concat(parameters('servers_doi_oneworld_mysql_name'), '/innodb_read_io_threads')]",
            "dependsOn": [
                "[resourceId('Microsoft.DBforMySQL/servers', parameters('servers_doi_oneworld_mysql_name'))]"
            ],
            "properties": {
                "value": "4",
                "source": "system-default"
            }
        },
        {
            "type": "Microsoft.DBforMySQL/servers/configurations",
            "apiVersion": "2017-12-01",
            "name": "[concat(parameters('servers_doi_oneworld_mysql_name'), '/innodb_rollback_segments')]",
            "dependsOn": [
                "[resourceId('Microsoft.DBforMySQL/servers', parameters('servers_doi_oneworld_mysql_name'))]"
            ],
            "properties": {
                "value": "128",
                "source": "system-default"
            }
        },
        {
            "type": "Microsoft.DBforMySQL/servers/configurations",
            "apiVersion": "2017-12-01",
            "name": "[concat(parameters('servers_doi_oneworld_mysql_name'), '/innodb_stats_auto_recalc')]",
            "dependsOn": [
                "[resourceId('Microsoft.DBforMySQL/servers', parameters('servers_doi_oneworld_mysql_name'))]"
            ],
            "properties": {
                "value": "ON",
                "source": "system-default"
            }
        },
        {
            "type": "Microsoft.DBforMySQL/servers/configurations",
            "apiVersion": "2017-12-01",
            "name": "[concat(parameters('servers_doi_oneworld_mysql_name'), '/innodb_stats_include_delete_marked')]",
            "dependsOn": [
                "[resourceId('Microsoft.DBforMySQL/servers', parameters('servers_doi_oneworld_mysql_name'))]"
            ],
            "properties": {
                "value": "OFF",
                "source": "system-default"
            }
        },
        {
            "type": "Microsoft.DBforMySQL/servers/configurations",
            "apiVersion": "2017-12-01",
            "name": "[concat(parameters('servers_doi_oneworld_mysql_name'), '/innodb_stats_method')]",
            "dependsOn": [
                "[resourceId('Microsoft.DBforMySQL/servers', parameters('servers_doi_oneworld_mysql_name'))]"
            ],
            "properties": {
                "value": "nulls_equal",
                "source": "system-default"
            }
        },
        {
            "type": "Microsoft.DBforMySQL/servers/configurations",
            "apiVersion": "2017-12-01",
            "name": "[concat(parameters('servers_doi_oneworld_mysql_name'), '/innodb_stats_on_metadata')]",
            "dependsOn": [
                "[resourceId('Microsoft.DBforMySQL/servers', parameters('servers_doi_oneworld_mysql_name'))]"
            ],
            "properties": {
                "value": "OFF",
                "source": "system-default"
            }
        },
        {
            "type": "Microsoft.DBforMySQL/servers/configurations",
            "apiVersion": "2017-12-01",
            "name": "[concat(parameters('servers_doi_oneworld_mysql_name'), '/innodb_stats_persistent')]",
            "dependsOn": [
                "[resourceId('Microsoft.DBforMySQL/servers', parameters('servers_doi_oneworld_mysql_name'))]"
            ],
            "properties": {
                "value": "ON",
                "source": "system-default"
            }
        },
        {
            "type": "Microsoft.DBforMySQL/servers/configurations",
            "apiVersion": "2017-12-01",
            "name": "[concat(parameters('servers_doi_oneworld_mysql_name'), '/innodb_stats_persistent_sample_pages')]",
            "dependsOn": [
                "[resourceId('Microsoft.DBforMySQL/servers', parameters('servers_doi_oneworld_mysql_name'))]"
            ],
            "properties": {
                "value": "20",
                "source": "system-default"
            }
        },
        {
            "type": "Microsoft.DBforMySQL/servers/configurations",
            "apiVersion": "2017-12-01",
            "name": "[concat(parameters('servers_doi_oneworld_mysql_name'), '/innodb_stats_transient_sample_pages')]",
            "dependsOn": [
                "[resourceId('Microsoft.DBforMySQL/servers', parameters('servers_doi_oneworld_mysql_name'))]"
            ],
            "properties": {
                "value": "8",
                "source": "system-default"
            }
        },
        {
            "type": "Microsoft.DBforMySQL/servers/configurations",
            "apiVersion": "2017-12-01",
            "name": "[concat(parameters('servers_doi_oneworld_mysql_name'), '/innodb_sync_array_size')]",
            "dependsOn": [
                "[resourceId('Microsoft.DBforMySQL/servers', parameters('servers_doi_oneworld_mysql_name'))]"
            ],
            "properties": {
                "value": "1",
                "source": "system-default"
            }
        },
        {
            "type": "Microsoft.DBforMySQL/servers/configurations",
            "apiVersion": "2017-12-01",
            "name": "[concat(parameters('servers_doi_oneworld_mysql_name'), '/innodb_table_locks')]",
            "dependsOn": [
                "[resourceId('Microsoft.DBforMySQL/servers', parameters('servers_doi_oneworld_mysql_name'))]"
            ],
            "properties": {
                "value": "ON",
                "source": "system-default"
            }
        },
        {
            "type": "Microsoft.DBforMySQL/servers/configurations",
            "apiVersion": "2017-12-01",
            "name": "[concat(parameters('servers_doi_oneworld_mysql_name'), '/innodb_thread_concurrency')]",
            "dependsOn": [
                "[resourceId('Microsoft.DBforMySQL/servers', parameters('servers_doi_oneworld_mysql_name'))]"
            ],
            "properties": {
                "value": "0",
                "source": "system-default"
            }
        },
        {
            "type": "Microsoft.DBforMySQL/servers/configurations",
            "apiVersion": "2017-12-01",
            "name": "[concat(parameters('servers_doi_oneworld_mysql_name'), '/innodb_thread_sleep_delay')]",
            "dependsOn": [
                "[resourceId('Microsoft.DBforMySQL/servers', parameters('servers_doi_oneworld_mysql_name'))]"
            ],
            "properties": {
                "value": "10000",
                "source": "system-default"
            }
        },
        {
            "type": "Microsoft.DBforMySQL/servers/configurations",
            "apiVersion": "2017-12-01",
            "name": "[concat(parameters('servers_doi_oneworld_mysql_name'), '/innodb_write_io_threads')]",
            "dependsOn": [
                "[resourceId('Microsoft.DBforMySQL/servers', parameters('servers_doi_oneworld_mysql_name'))]"
            ],
            "properties": {
                "value": "4",
                "source": "system-default"
            }
        },
        {
            "type": "Microsoft.DBforMySQL/servers/configurations",
            "apiVersion": "2017-12-01",
            "name": "[concat(parameters('servers_doi_oneworld_mysql_name'), '/interactive_timeout')]",
            "dependsOn": [
                "[resourceId('Microsoft.DBforMySQL/servers', parameters('servers_doi_oneworld_mysql_name'))]"
            ],
            "properties": {
                "value": "28800",
                "source": "system-default"
            }
        },
        {
            "type": "Microsoft.DBforMySQL/servers/configurations",
            "apiVersion": "2017-12-01",
            "name": "[concat(parameters('servers_doi_oneworld_mysql_name'), '/lock_wait_timeout')]",
            "dependsOn": [
                "[resourceId('Microsoft.DBforMySQL/servers', parameters('servers_doi_oneworld_mysql_name'))]"
            ],
            "properties": {
                "value": "31536000",
                "source": "system-default"
            }
        },
        {
            "type": "Microsoft.DBforMySQL/servers/configurations",
            "apiVersion": "2017-12-01",
            "name": "[concat(parameters('servers_doi_oneworld_mysql_name'), '/log_bin_trust_function_creators')]",
            "dependsOn": [
                "[resourceId('Microsoft.DBforMySQL/servers', parameters('servers_doi_oneworld_mysql_name'))]"
            ],
            "properties": {
                "value": "OFF",
                "source": "system-default"
            }
        },
        {
            "type": "Microsoft.DBforMySQL/servers/configurations",
            "apiVersion": "2017-12-01",
            "name": "[concat(parameters('servers_doi_oneworld_mysql_name'), '/log_output')]",
            "dependsOn": [
                "[resourceId('Microsoft.DBforMySQL/servers', parameters('servers_doi_oneworld_mysql_name'))]"
            ],
            "properties": {
                "value": "FILE",
                "source": "system-default"
            }
        },
        {
            "type": "Microsoft.DBforMySQL/servers/configurations",
            "apiVersion": "2017-12-01",
            "name": "[concat(parameters('servers_doi_oneworld_mysql_name'), '/log_queries_not_using_indexes')]",
            "dependsOn": [
                "[resourceId('Microsoft.DBforMySQL/servers', parameters('servers_doi_oneworld_mysql_name'))]"
            ],
            "properties": {
                "value": "OFF",
                "source": "system-default"
            }
        },
        {
            "type": "Microsoft.DBforMySQL/servers/configurations",
            "apiVersion": "2017-12-01",
            "name": "[concat(parameters('servers_doi_oneworld_mysql_name'), '/log_slow_admin_statements')]",
            "dependsOn": [
                "[resourceId('Microsoft.DBforMySQL/servers', parameters('servers_doi_oneworld_mysql_name'))]"
            ],
            "properties": {
                "value": "OFF",
                "source": "system-default"
            }
        },
        {
            "type": "Microsoft.DBforMySQL/servers/configurations",
            "apiVersion": "2017-12-01",
            "name": "[concat(parameters('servers_doi_oneworld_mysql_name'), '/log_slow_slave_statements')]",
            "dependsOn": [
                "[resourceId('Microsoft.DBforMySQL/servers', parameters('servers_doi_oneworld_mysql_name'))]"
            ],
            "properties": {
                "value": "OFF",
                "source": "system-default"
            }
        },
        {
            "type": "Microsoft.DBforMySQL/servers/configurations",
            "apiVersion": "2017-12-01",
            "name": "[concat(parameters('servers_doi_oneworld_mysql_name'), '/log_throttle_queries_not_using_indexes')]",
            "dependsOn": [
                "[resourceId('Microsoft.DBforMySQL/servers', parameters('servers_doi_oneworld_mysql_name'))]"
            ],
            "properties": {
                "value": "0",
                "source": "system-default"
            }
        },
        {
            "type": "Microsoft.DBforMySQL/servers/configurations",
            "apiVersion": "2017-12-01",
            "name": "[concat(parameters('servers_doi_oneworld_mysql_name'), '/long_query_time')]",
            "dependsOn": [
                "[resourceId('Microsoft.DBforMySQL/servers', parameters('servers_doi_oneworld_mysql_name'))]"
            ],
            "properties": {
                "value": "10",
                "source": "system-default"
            }
        },
        {
            "type": "Microsoft.DBforMySQL/servers/configurations",
            "apiVersion": "2017-12-01",
            "name": "[concat(parameters('servers_doi_oneworld_mysql_name'), '/lower_case_table_names')]",
            "dependsOn": [
                "[resourceId('Microsoft.DBforMySQL/servers', parameters('servers_doi_oneworld_mysql_name'))]"
            ],
            "properties": {
                "value": "1",
                "source": "system-default"
            }
        },
        {
            "type": "Microsoft.DBforMySQL/servers/configurations",
            "apiVersion": "2017-12-01",
            "name": "[concat(parameters('servers_doi_oneworld_mysql_name'), '/max_allowed_packet')]",
            "dependsOn": [
                "[resourceId('Microsoft.DBforMySQL/servers', parameters('servers_doi_oneworld_mysql_name'))]"
            ],
            "properties": {
                "value": "536870912",
                "source": "system-default"
            }
        },
        {
            "type": "Microsoft.DBforMySQL/servers/configurations",
            "apiVersion": "2017-12-01",
            "name": "[concat(parameters('servers_doi_oneworld_mysql_name'), '/max_connect_errors')]",
            "dependsOn": [
                "[resourceId('Microsoft.DBforMySQL/servers', parameters('servers_doi_oneworld_mysql_name'))]"
            ],
            "properties": {
                "value": "100",
                "source": "system-default"
            }
        },
        {
            "type": "Microsoft.DBforMySQL/servers/configurations",
            "apiVersion": "2017-12-01",
            "name": "[concat(parameters('servers_doi_oneworld_mysql_name'), '/max_connections')]",
            "dependsOn": [
                "[resourceId('Microsoft.DBforMySQL/servers', parameters('servers_doi_oneworld_mysql_name'))]"
            ],
            "properties": {
                "value": "100",
                "source": "system-default"
            }
        },
        {
            "type": "Microsoft.DBforMySQL/servers/configurations",
            "apiVersion": "2017-12-01",
            "name": "[concat(parameters('servers_doi_oneworld_mysql_name'), '/max_digest_length')]",
            "dependsOn": [
                "[resourceId('Microsoft.DBforMySQL/servers', parameters('servers_doi_oneworld_mysql_name'))]"
            ],
            "properties": {
                "value": "1024",
                "source": "system-default"
            }
        },
        {
            "type": "Microsoft.DBforMySQL/servers/configurations",
            "apiVersion": "2017-12-01",
            "name": "[concat(parameters('servers_doi_oneworld_mysql_name'), '/max_error_count')]",
            "dependsOn": [
                "[resourceId('Microsoft.DBforMySQL/servers', parameters('servers_doi_oneworld_mysql_name'))]"
            ],
            "properties": {
                "value": "64",
                "source": "system-default"
            }
        },
        {
            "type": "Microsoft.DBforMySQL/servers/configurations",
            "apiVersion": "2017-12-01",
            "name": "[concat(parameters('servers_doi_oneworld_mysql_name'), '/max_execution_time')]",
            "dependsOn": [
                "[resourceId('Microsoft.DBforMySQL/servers', parameters('servers_doi_oneworld_mysql_name'))]"
            ],
            "properties": {
                "value": "0",
                "source": "system-default"
            }
        },
        {
            "type": "Microsoft.DBforMySQL/servers/configurations",
            "apiVersion": "2017-12-01",
            "name": "[concat(parameters('servers_doi_oneworld_mysql_name'), '/max_join_size')]",
            "dependsOn": [
                "[resourceId('Microsoft.DBforMySQL/servers', parameters('servers_doi_oneworld_mysql_name'))]"
            ],
            "properties": {
                "value": "18446744073709551615",
                "source": "system-default"
            }
        },
        {
            "type": "Microsoft.DBforMySQL/servers/configurations",
            "apiVersion": "2017-12-01",
            "name": "[concat(parameters('servers_doi_oneworld_mysql_name'), '/max_length_for_sort_data')]",
            "dependsOn": [
                "[resourceId('Microsoft.DBforMySQL/servers', parameters('servers_doi_oneworld_mysql_name'))]"
            ],
            "properties": {
                "value": "1024",
                "source": "system-default"
            }
        },
        {
            "type": "Microsoft.DBforMySQL/servers/configurations",
            "apiVersion": "2017-12-01",
            "name": "[concat(parameters('servers_doi_oneworld_mysql_name'), '/max_points_in_geometry')]",
            "dependsOn": [
                "[resourceId('Microsoft.DBforMySQL/servers', parameters('servers_doi_oneworld_mysql_name'))]"
            ],
            "properties": {
                "value": "65536",
                "source": "system-default"
            }
        },
        {
            "type": "Microsoft.DBforMySQL/servers/configurations",
            "apiVersion": "2017-12-01",
            "name": "[concat(parameters('servers_doi_oneworld_mysql_name'), '/max_prepared_stmt_count')]",
            "dependsOn": [
                "[resourceId('Microsoft.DBforMySQL/servers', parameters('servers_doi_oneworld_mysql_name'))]"
            ],
            "properties": {
                "value": "16382",
                "source": "system-default"
            }
        },
        {
            "type": "Microsoft.DBforMySQL/servers/configurations",
            "apiVersion": "2017-12-01",
            "name": "[concat(parameters('servers_doi_oneworld_mysql_name'), '/max_seeks_for_key')]",
            "dependsOn": [
                "[resourceId('Microsoft.DBforMySQL/servers', parameters('servers_doi_oneworld_mysql_name'))]"
            ],
            "properties": {
                "value": "4294967295",
                "source": "system-default"
            }
        },
        {
            "type": "Microsoft.DBforMySQL/servers/configurations",
            "apiVersion": "2017-12-01",
            "name": "[concat(parameters('servers_doi_oneworld_mysql_name'), '/max_sort_length')]",
            "dependsOn": [
                "[resourceId('Microsoft.DBforMySQL/servers', parameters('servers_doi_oneworld_mysql_name'))]"
            ],
            "properties": {
                "value": "1024",
                "source": "system-default"
            }
        },
        {
            "type": "Microsoft.DBforMySQL/servers/configurations",
            "apiVersion": "2017-12-01",
            "name": "[concat(parameters('servers_doi_oneworld_mysql_name'), '/max_sp_recursion_depth')]",
            "dependsOn": [
                "[resourceId('Microsoft.DBforMySQL/servers', parameters('servers_doi_oneworld_mysql_name'))]"
            ],
            "properties": {
                "value": "0",
                "source": "system-default"
            }
        },
        {
            "type": "Microsoft.DBforMySQL/servers/configurations",
            "apiVersion": "2017-12-01",
            "name": "[concat(parameters('servers_doi_oneworld_mysql_name'), '/max_user_connections')]",
            "dependsOn": [
                "[resourceId('Microsoft.DBforMySQL/servers', parameters('servers_doi_oneworld_mysql_name'))]"
            ],
            "properties": {
                "value": "0",
                "source": "system-default"
            }
        },
        {
            "type": "Microsoft.DBforMySQL/servers/configurations",
            "apiVersion": "2017-12-01",
            "name": "[concat(parameters('servers_doi_oneworld_mysql_name'), '/max_write_lock_count')]",
            "dependsOn": [
                "[resourceId('Microsoft.DBforMySQL/servers', parameters('servers_doi_oneworld_mysql_name'))]"
            ],
            "properties": {
                "value": "4294967295",
                "source": "system-default"
            }
        },
        {
            "type": "Microsoft.DBforMySQL/servers/configurations",
            "apiVersion": "2017-12-01",
            "name": "[concat(parameters('servers_doi_oneworld_mysql_name'), '/min_examined_row_limit')]",
            "dependsOn": [
                "[resourceId('Microsoft.DBforMySQL/servers', parameters('servers_doi_oneworld_mysql_name'))]"
            ],
            "properties": {
                "value": "0",
                "source": "system-default"
            }
        },
        {
            "type": "Microsoft.DBforMySQL/servers/configurations",
            "apiVersion": "2017-12-01",
            "name": "[concat(parameters('servers_doi_oneworld_mysql_name'), '/net_buffer_length')]",
            "dependsOn": [
                "[resourceId('Microsoft.DBforMySQL/servers', parameters('servers_doi_oneworld_mysql_name'))]"
            ],
            "properties": {
                "value": "16384",
                "source": "system-default"
            }
        },
        {
            "type": "Microsoft.DBforMySQL/servers/configurations",
            "apiVersion": "2017-12-01",
            "name": "[concat(parameters('servers_doi_oneworld_mysql_name'), '/net_read_timeout')]",
            "dependsOn": [
                "[resourceId('Microsoft.DBforMySQL/servers', parameters('servers_doi_oneworld_mysql_name'))]"
            ],
            "properties": {
                "value": "120",
                "source": "system-default"
            }
        },
        {
            "type": "Microsoft.DBforMySQL/servers/configurations",
            "apiVersion": "2017-12-01",
            "name": "[concat(parameters('servers_doi_oneworld_mysql_name'), '/net_retry_count')]",
            "dependsOn": [
                "[resourceId('Microsoft.DBforMySQL/servers', parameters('servers_doi_oneworld_mysql_name'))]"
            ],
            "properties": {
                "value": "10",
                "source": "system-default"
            }
        },
        {
            "type": "Microsoft.DBforMySQL/servers/configurations",
            "apiVersion": "2017-12-01",
            "name": "[concat(parameters('servers_doi_oneworld_mysql_name'), '/net_write_timeout')]",
            "dependsOn": [
                "[resourceId('Microsoft.DBforMySQL/servers', parameters('servers_doi_oneworld_mysql_name'))]"
            ],
            "properties": {
                "value": "240",
                "source": "system-default"
            }
        },
        {
            "type": "Microsoft.DBforMySQL/servers/configurations",
            "apiVersion": "2017-12-01",
            "name": "[concat(parameters('servers_doi_oneworld_mysql_name'), '/optimizer_prune_level')]",
            "dependsOn": [
                "[resourceId('Microsoft.DBforMySQL/servers', parameters('servers_doi_oneworld_mysql_name'))]"
            ],
            "properties": {
                "value": "1",
                "source": "system-default"
            }
        },
        {
            "type": "Microsoft.DBforMySQL/servers/configurations",
            "apiVersion": "2017-12-01",
            "name": "[concat(parameters('servers_doi_oneworld_mysql_name'), '/optimizer_search_depth')]",
            "dependsOn": [
                "[resourceId('Microsoft.DBforMySQL/servers', parameters('servers_doi_oneworld_mysql_name'))]"
            ],
            "properties": {
                "value": "62",
                "source": "system-default"
            }
        },
        {
            "type": "Microsoft.DBforMySQL/servers/configurations",
            "apiVersion": "2017-12-01",
            "name": "[concat(parameters('servers_doi_oneworld_mysql_name'), '/optimizer_switch')]",
            "dependsOn": [
                "[resourceId('Microsoft.DBforMySQL/servers', parameters('servers_doi_oneworld_mysql_name'))]"
            ],
            "properties": {
                "value": "default",
                "source": "system-default"
            }
        },
        {
            "type": "Microsoft.DBforMySQL/servers/configurations",
            "apiVersion": "2017-12-01",
            "name": "[concat(parameters('servers_doi_oneworld_mysql_name'), '/parser_max_mem_size')]",
            "dependsOn": [
                "[resourceId('Microsoft.DBforMySQL/servers', parameters('servers_doi_oneworld_mysql_name'))]"
            ],
            "properties": {
                "value": "18446744073709551615",
                "source": "system-default"
            }
        },
        {
            "type": "Microsoft.DBforMySQL/servers/configurations",
            "apiVersion": "2017-12-01",
            "name": "[concat(parameters('servers_doi_oneworld_mysql_name'), '/performance_schema')]",
            "dependsOn": [
                "[resourceId('Microsoft.DBforMySQL/servers', parameters('servers_doi_oneworld_mysql_name'))]"
            ],
            "properties": {
                "value": "ON",
                "source": "system-default"
            }
        },
        {
            "type": "Microsoft.DBforMySQL/servers/configurations",
            "apiVersion": "2017-12-01",
            "name": "[concat(parameters('servers_doi_oneworld_mysql_name'), '/preload_buffer_size')]",
            "dependsOn": [
                "[resourceId('Microsoft.DBforMySQL/servers', parameters('servers_doi_oneworld_mysql_name'))]"
            ],
            "properties": {
                "value": "32768",
                "source": "system-default"
            }
        },
        {
            "type": "Microsoft.DBforMySQL/servers/configurations",
            "apiVersion": "2017-12-01",
            "name": "[concat(parameters('servers_doi_oneworld_mysql_name'), '/query_store_capture_interval')]",
            "dependsOn": [
                "[resourceId('Microsoft.DBforMySQL/servers', parameters('servers_doi_oneworld_mysql_name'))]"
            ],
            "properties": {
                "value": "15",
                "source": "system-default"
            }
        },
        {
            "type": "Microsoft.DBforMySQL/servers/configurations",
            "apiVersion": "2017-12-01",
            "name": "[concat(parameters('servers_doi_oneworld_mysql_name'), '/query_store_capture_mode')]",
            "dependsOn": [
                "[resourceId('Microsoft.DBforMySQL/servers', parameters('servers_doi_oneworld_mysql_name'))]"
            ],
            "properties": {
                "value": "NONE",
                "source": "system-default"
            }
        },
        {
            "type": "Microsoft.DBforMySQL/servers/configurations",
            "apiVersion": "2017-12-01",
            "name": "[concat(parameters('servers_doi_oneworld_mysql_name'), '/query_store_capture_utility_queries')]",
            "dependsOn": [
                "[resourceId('Microsoft.DBforMySQL/servers', parameters('servers_doi_oneworld_mysql_name'))]"
            ],
            "properties": {
                "value": "NO",
                "source": "system-default"
            }
        },
        {
            "type": "Microsoft.DBforMySQL/servers/configurations",
            "apiVersion": "2017-12-01",
            "name": "[concat(parameters('servers_doi_oneworld_mysql_name'), '/query_store_retention_period_in_days')]",
            "dependsOn": [
                "[resourceId('Microsoft.DBforMySQL/servers', parameters('servers_doi_oneworld_mysql_name'))]"
            ],
            "properties": {
                "value": "7",
                "source": "system-default"
            }
        },
        {
            "type": "Microsoft.DBforMySQL/servers/configurations",
            "apiVersion": "2017-12-01",
            "name": "[concat(parameters('servers_doi_oneworld_mysql_name'), '/query_store_wait_sampling_capture_mode')]",
            "dependsOn": [
                "[resourceId('Microsoft.DBforMySQL/servers', parameters('servers_doi_oneworld_mysql_name'))]"
            ],
            "properties": {
                "value": "NONE",
                "source": "system-default"
            }
        },
        {
            "type": "Microsoft.DBforMySQL/servers/configurations",
            "apiVersion": "2017-12-01",
            "name": "[concat(parameters('servers_doi_oneworld_mysql_name'), '/query_store_wait_sampling_frequency')]",
            "dependsOn": [
                "[resourceId('Microsoft.DBforMySQL/servers', parameters('servers_doi_oneworld_mysql_name'))]"
            ],
            "properties": {
                "value": "30",
                "source": "system-default"
            }
        },
        {
            "type": "Microsoft.DBforMySQL/servers/configurations",
            "apiVersion": "2017-12-01",
            "name": "[concat(parameters('servers_doi_oneworld_mysql_name'), '/read_only')]",
            "dependsOn": [
                "[resourceId('Microsoft.DBforMySQL/servers', parameters('servers_doi_oneworld_mysql_name'))]"
            ],
            "properties": {
                "value": "OFF",
                "source": "system-default"
            }
        },
        {
            "type": "Microsoft.DBforMySQL/servers/configurations",
            "apiVersion": "2017-12-01",
            "name": "[concat(parameters('servers_doi_oneworld_mysql_name'), '/server_id')]",
            "dependsOn": [
                "[resourceId('Microsoft.DBforMySQL/servers', parameters('servers_doi_oneworld_mysql_name'))]"
            ],
            "properties": {
                "value": "2607036101",
                "source": "user-override"
            }
        },
        {
            "type": "Microsoft.DBforMySQL/servers/configurations",
            "apiVersion": "2017-12-01",
            "name": "[concat(parameters('servers_doi_oneworld_mysql_name'), '/session_track_schema')]",
            "dependsOn": [
                "[resourceId('Microsoft.DBforMySQL/servers', parameters('servers_doi_oneworld_mysql_name'))]"
            ],
            "properties": {
                "value": "ON",
                "source": "system-default"
            }
        },
        {
            "type": "Microsoft.DBforMySQL/servers/configurations",
            "apiVersion": "2017-12-01",
            "name": "[concat(parameters('servers_doi_oneworld_mysql_name'), '/session_track_state_change')]",
            "dependsOn": [
                "[resourceId('Microsoft.DBforMySQL/servers', parameters('servers_doi_oneworld_mysql_name'))]"
            ],
            "properties": {
                "value": "OFF",
                "source": "system-default"
            }
        },
        {
            "type": "Microsoft.DBforMySQL/servers/configurations",
            "apiVersion": "2017-12-01",
            "name": "[concat(parameters('servers_doi_oneworld_mysql_name'), '/show_compatibility_56')]",
            "dependsOn": [
                "[resourceId('Microsoft.DBforMySQL/servers', parameters('servers_doi_oneworld_mysql_name'))]"
            ],
            "properties": {
                "value": "OFF",
                "source": "system-default"
            }
        },
        {
            "type": "Microsoft.DBforMySQL/servers/configurations",
            "apiVersion": "2017-12-01",
            "name": "[concat(parameters('servers_doi_oneworld_mysql_name'), '/skip_show_database')]",
            "dependsOn": [
                "[resourceId('Microsoft.DBforMySQL/servers', parameters('servers_doi_oneworld_mysql_name'))]"
            ],
            "properties": {
                "value": "OFF",
                "source": "system-default"
            }
        },
        {
            "type": "Microsoft.DBforMySQL/servers/configurations",
            "apiVersion": "2017-12-01",
            "name": "[concat(parameters('servers_doi_oneworld_mysql_name'), '/slave_net_timeout')]",
            "dependsOn": [
                "[resourceId('Microsoft.DBforMySQL/servers', parameters('servers_doi_oneworld_mysql_name'))]"
            ],
            "properties": {
                "value": "60",
                "source": "system-default"
            }
        },
        {
            "type": "Microsoft.DBforMySQL/servers/configurations",
            "apiVersion": "2017-12-01",
            "name": "[concat(parameters('servers_doi_oneworld_mysql_name'), '/slow_query_log')]",
            "dependsOn": [
                "[resourceId('Microsoft.DBforMySQL/servers', parameters('servers_doi_oneworld_mysql_name'))]"
            ],
            "properties": {
                "value": "OFF",
                "source": "system-default"
            }
        },
        {
            "type": "Microsoft.DBforMySQL/servers/configurations",
            "apiVersion": "2017-12-01",
            "name": "[concat(parameters('servers_doi_oneworld_mysql_name'), '/sql_mode')]",
            "dependsOn": [
                "[resourceId('Microsoft.DBforMySQL/servers', parameters('servers_doi_oneworld_mysql_name'))]"
            ],
            "properties": {
                "source": "system-default"
            }
        },
        {
            "type": "Microsoft.DBforMySQL/servers/configurations",
            "apiVersion": "2017-12-01",
            "name": "[concat(parameters('servers_doi_oneworld_mysql_name'), '/stored_program_cache')]",
            "dependsOn": [
                "[resourceId('Microsoft.DBforMySQL/servers', parameters('servers_doi_oneworld_mysql_name'))]"
            ],
            "properties": {
                "value": "256",
                "source": "system-default"
            }
        },
        {
            "type": "Microsoft.DBforMySQL/servers/configurations",
            "apiVersion": "2017-12-01",
            "name": "[concat(parameters('servers_doi_oneworld_mysql_name'), '/table_definition_cache')]",
            "dependsOn": [
                "[resourceId('Microsoft.DBforMySQL/servers', parameters('servers_doi_oneworld_mysql_name'))]"
            ],
            "properties": {
                "value": "1400",
                "source": "system-default"
            }
        },
        {
            "type": "Microsoft.DBforMySQL/servers/configurations",
            "apiVersion": "2017-12-01",
            "name": "[concat(parameters('servers_doi_oneworld_mysql_name'), '/table_open_cache')]",
            "dependsOn": [
                "[resourceId('Microsoft.DBforMySQL/servers', parameters('servers_doi_oneworld_mysql_name'))]"
            ],
            "properties": {
                "value": "2000",
                "source": "system-default"
            }
        },
        {
            "type": "Microsoft.DBforMySQL/servers/configurations",
            "apiVersion": "2017-12-01",
            "name": "[concat(parameters('servers_doi_oneworld_mysql_name'), '/thread_pool_max_threads')]",
            "dependsOn": [
                "[resourceId('Microsoft.DBforMySQL/servers', parameters('servers_doi_oneworld_mysql_name'))]"
            ],
            "properties": {
                "value": "65535",
                "source": "system-default"
            }
        },
        {
            "type": "Microsoft.DBforMySQL/servers/configurations",
            "apiVersion": "2017-12-01",
            "name": "[concat(parameters('servers_doi_oneworld_mysql_name'), '/thread_pool_min_threads')]",
            "dependsOn": [
                "[resourceId('Microsoft.DBforMySQL/servers', parameters('servers_doi_oneworld_mysql_name'))]"
            ],
            "properties": {
                "value": "1",
                "source": "system-default"
            }
        },
        {
            "type": "Microsoft.DBforMySQL/servers/configurations",
            "apiVersion": "2017-12-01",
            "name": "[concat(parameters('servers_doi_oneworld_mysql_name'), '/time_zone')]",
            "dependsOn": [
                "[resourceId('Microsoft.DBforMySQL/servers', parameters('servers_doi_oneworld_mysql_name'))]"
            ],
            "properties": {
                "value": "SYSTEM",
                "source": "system-default"
            }
        },
        {
            "type": "Microsoft.DBforMySQL/servers/configurations",
            "apiVersion": "2017-12-01",
            "name": "[concat(parameters('servers_doi_oneworld_mysql_name'), '/transaction_alloc_block_size')]",
            "dependsOn": [
                "[resourceId('Microsoft.DBforMySQL/servers', parameters('servers_doi_oneworld_mysql_name'))]"
            ],
            "properties": {
                "value": "8192",
                "source": "system-default"
            }
        },
        {
            "type": "Microsoft.DBforMySQL/servers/configurations",
            "apiVersion": "2017-12-01",
            "name": "[concat(parameters('servers_doi_oneworld_mysql_name'), '/transaction_prealloc_size')]",
            "dependsOn": [
                "[resourceId('Microsoft.DBforMySQL/servers', parameters('servers_doi_oneworld_mysql_name'))]"
            ],
            "properties": {
                "value": "4096",
                "source": "system-default"
            }
        },
        {
            "type": "Microsoft.DBforMySQL/servers/configurations",
            "apiVersion": "2017-12-01",
            "name": "[concat(parameters('servers_doi_oneworld_mysql_name'), '/tx_isolation')]",
            "dependsOn": [
                "[resourceId('Microsoft.DBforMySQL/servers', parameters('servers_doi_oneworld_mysql_name'))]"
            ],
            "properties": {
                "value": "REPEATABLE-READ",
                "source": "system-default"
            }
        },
        {
            "type": "Microsoft.DBforMySQL/servers/configurations",
            "apiVersion": "2017-12-01",
            "name": "[concat(parameters('servers_doi_oneworld_mysql_name'), '/updatable_views_with_limit')]",
            "dependsOn": [
                "[resourceId('Microsoft.DBforMySQL/servers', parameters('servers_doi_oneworld_mysql_name'))]"
            ],
            "properties": {
                "value": "YES",
                "source": "system-default"
            }
        },
        {
            "type": "Microsoft.DBforMySQL/servers/configurations",
            "apiVersion": "2017-12-01",
            "name": "[concat(parameters('servers_doi_oneworld_mysql_name'), '/wait_timeout')]",
            "dependsOn": [
                "[resourceId('Microsoft.DBforMySQL/servers', parameters('servers_doi_oneworld_mysql_name'))]"
            ],
            "properties": {
                "value": "120",
                "source": "system-default"
            }
        },
        {
            "type": "Microsoft.DBforMySQL/servers/databases",
            "apiVersion": "2017-12-01",
            "name": "[concat(parameters('servers_doi_oneworld_mysql_name'), '/information_schema')]",
            "dependsOn": [
                "[resourceId('Microsoft.DBforMySQL/servers', parameters('servers_doi_oneworld_mysql_name'))]"
            ],
            "properties": {
                "charset": "utf8",
                "collation": "utf8_general_ci"
            }
        },
        {
            "type": "Microsoft.DBforMySQL/servers/databases",
            "apiVersion": "2017-12-01",
            "name": "[concat(parameters('servers_doi_oneworld_mysql_name'), '/mysql')]",
            "dependsOn": [
                "[resourceId('Microsoft.DBforMySQL/servers', parameters('servers_doi_oneworld_mysql_name'))]"
            ],
            "properties": {
                "charset": "latin1",
                "collation": "latin1_swedish_ci"
            }
        },
        {
            "type": "Microsoft.DBforMySQL/servers/databases",
            "apiVersion": "2017-12-01",
            "name": "[concat(parameters('servers_doi_oneworld_mysql_name'), '/oneworld')]",
            "dependsOn": [
                "[resourceId('Microsoft.DBforMySQL/servers', parameters('servers_doi_oneworld_mysql_name'))]"
            ],
            "properties": {
                "charset": "latin1",
                "collation": "latin1_swedish_ci"
            }
        },
        {
            "type": "Microsoft.DBforMySQL/servers/databases",
            "apiVersion": "2017-12-01",
            "name": "[concat(parameters('servers_doi_oneworld_mysql_name'), '/performance_schema')]",
            "dependsOn": [
                "[resourceId('Microsoft.DBforMySQL/servers', parameters('servers_doi_oneworld_mysql_name'))]"
            ],
            "properties": {
                "charset": "utf8",
                "collation": "utf8_general_ci"
            }
        },
        {
            "type": "Microsoft.DBforMySQL/servers/databases",
            "apiVersion": "2017-12-01",
            "name": "[concat(parameters('servers_doi_oneworld_mysql_name'), '/sys')]",
            "dependsOn": [
                "[resourceId('Microsoft.DBforMySQL/servers', parameters('servers_doi_oneworld_mysql_name'))]"
            ],
            "properties": {
                "charset": "utf8",
                "collation": "utf8_general_ci"
            }
        },
        {
            "type": "Microsoft.DBforMySQL/servers/firewallRules",
            "apiVersion": "2017-12-01",
            "name": "[concat(parameters('servers_doi_oneworld_mysql_name'), '/all')]",
            "dependsOn": [
                "[resourceId('Microsoft.DBforMySQL/servers', parameters('servers_doi_oneworld_mysql_name'))]"
            ],
            "properties": {
                "startIpAddress": "0.0.0.0",
                "endIpAddress": "255.255.255.255"
            }
        },
        {
            "type": "Microsoft.DBforMySQL/servers/firewallRules",
            "apiVersion": "2017-12-01",
            "name": "[concat(parameters('servers_doi_oneworld_mysql_name'), '/AllowAllWindowsAzureIps')]",
            "dependsOn": [
                "[resourceId('Microsoft.DBforMySQL/servers', parameters('servers_doi_oneworld_mysql_name'))]"
            ],
            "properties": {
                "startIpAddress": "0.0.0.0",
                "endIpAddress": "0.0.0.0"
            }
        }
    ]
}