{
    "fields": {


        "AssignmentStart": "2021-05-09T07:00:00Z",
        "AssignmentEnd": "2021-05-09T07:00:00Z",
        "ExtendPersonal": true,
        "TravelEnd": "2021-05-09T07:00:00Z",
        "Destination": "1",
        "DepartLocation": "1",
        "ArriveLocation": "1",
        "DepartDate": "2021-05-09T07:00:00Z",
        "ArriveDate": "2021-05-09T07:00:00Z",
        "DepartCity": "1",
        "DepartCountry": "1",
        "ArriveCity": "1",
        "ArriveCountry": "1",
        "DepartState": "1",
        "ArriveState": "1",
        "TravelMethodOther": "1"

        
    }
}