{
    "fields": {
        "@odata.etag": "\"fa484e25-0939-49ff-ab5e-7f647d8c27f5,1\"",
        "Title": "1",
        "LastName": "1",
        "FirstName": "1",
        "MidName": "1",
        "Nationality": "1",
        "PlanningTravel": true,
        "CompanionFirstName": "1",
        "CompanionLastName": "1",
        "CompanionMidName": "1",
        "CompanionNationality": "1",
        "CompanionRotaryFunded": true,
        "ContactEmail": "1",
        "ContactPhone": "1",
        "ContactMobile": "1",
        "ContactAlternatePhone": "1",
        "HomeAddress": "1",
        "HomeCity": "1",
        "HomeState": "1",
        "HomePostal": "1",
        "HomeCountry": "1",
        "TravelCapacity": "1",
        "TravelPurpose": "1",
        "AssignmentStart": "2021-05-09T07:00:00Z",
        "AssignmentEnd": "2021-05-09T07:00:00Z",
        "ExtendPersonal": true,
        "TravelEnd": "2021-05-09T07:00:00Z",
        "Destination": "1",
        "DepartLocation": "1",
        "ArriveLocation": "1",
        "DepartDate": "2021-05-09T07:00:00Z",
        "ArriveDate": "2021-05-09T07:00:00Z",
        "TypeTransportation": "1",
        "DrivingDistance": "1",
        "DrivingDistanceUnit": "1",
        "EmergencyContactName": "1",
        "EmergencyContactPhone": "1",
        "EmergencyContactEmail": "1",
        "WhyTravelEssential": "1",
        "Comments": "1",
        "StaffLiasonName": "1",
        "StaffLiasonEmail": "1",
        "AcceptRisks": true,
        "RITSApproved": true,
        "AssignmentRole": "1",
        "DepartCity": "1",
        "DepartCountry": "1",
        "ArriveCity": "1",
        "ArriveCountry": "1",
        "DepartState": "1",
        "ArriveState": "1",
        "TravelMethodOther": "1",
        "LiasionAdditional": "1",
        "AcceptRisks2": true,
        "JSON": "1",
        "id": "14",
        "ContentType": "Item",
        "Modified": "2021-05-09T11:45:05Z",
        "Created": "2021-05-09T11:45:05Z",
        "AuthorLookupId": "11",
        "EditorLookupId": "11",
        "_UIVersionString": "1.0",
        "Attachments": false,
        "Edit": "",
        "LinkTitleNoMenu": "1",
        "LinkTitle": "1",
        "ItemChildCount": "0",
        "FolderChildCount": "0",
        "_ComplianceFlags": "",
        "_ComplianceTag": "",
        "_ComplianceTagWrittenTime": "",
        "_ComplianceTagUserId": ""
    }
}