{  
  "$schema": "https://developer.microsoft.com/json-schemas/sp/column-formatting.schema.json",  
  "elmType": "a",  
  "attributes": {  
    "href":"='/SiteAssets/TravelRequest.aspx?SPID=' + [$ID]",
    "target" : "_blank"
  },  
  "style": {  
    "border": "none",
	"color":"white",	
    "background-color": "blue",  
    "cursor": "pointer"  
  }  ,
  "children": [  
    {  
      "elmType": "span",  
      "style": {
        "padding-left":"10px"
      },
      "color":"white",
      "txtContent": "VIEW FORM"
      
    }  
  ]  
}