{"id":"54685f8b-d064-4e31-85bb-123bed679dbd","alias":"BiomarinCssApplicationCustomizer","componentType":"Extension","extensionType":"ApplicationCustomizer","version":"0.0.1","manifestVersion":2,"requiresCustomScript":false,"loaderConfig":{"entryModuleId":"biomarin-css-application-customizer","internalModuleBaseUrls":["<!-- PATH TO CDN -->/"],"scriptResources":{"biomarin-css-application-customizer":{"type":"path","path":"biomarin-css-application-customizer_aa9e4ae12cfc269a5d911c2c11aa8279.js"},"@microsoft/sp-application-base":{"type":"component","version":"1.10.0","id":"4df9bb86-ab0a-4aab-ab5f-48bf167048fb"},"@microsoft/decorators":{"type":"component","version":"1.10.0","id":"f97266fb-ccb7-430e-9384-4124d05295d3"}}}}