{"schemaVersion":"1.0","appDefinitionTemplate":{"id":"/providers/Microsoft.PowerApps/apps/","type":"Microsoft.PowerApps/apps","tags":{"minimumRequiredApiVersion":"2.2.0"},"properties":{"appVersion":"2020-01-07T21:49:17Z","lifeCycleId":"Published","createdByClientVersion":{"major":3,"minor":19115,"build":0,"revision":0,"majorRevision":0,"minorRevision":0},"minClientVersion":{"major":3,"minor":19115,"build":0,"revision":0,"majorRevision":0,"minorRevision":0},"backgroundColor":"rgba(129, 42, 141, 1)","backgroundImageUri":"/17016901407422741965/N497502e8-6314-47e6-9802-4a2bbdcd31fb-logoSmallFile","displayName":"TSC - New Job Directory Request","description":"","commitMessage":"","appUris":{"documentUri":{"value":"/17016901407422741965/N38409db1-2754-41b5-aecc-c2ebfc1a434a-document.msapp","readonlyValue":"/17016901407422741965/N38409db1-2754-41b5-aecc-c2ebfc1a434a-document.msapp"},"imageUris":[]},"createdTime":"0001-01-01T00:00:00Z","lastModifiedTime":"0001-01-01T00:00:00Z","sharedGroupsCount":0,"sharedUsersCount":0,"icons":{"smallIconUri":"/17016901407422741965/Nb4a037cd-0ebe-4521-84ce-e928ba15bfb9-small.png","mediumIconUri":"/17016901407422741965/Ne148cfa8-9683-4d7c-9437-f822d00d103d-medium.png","largeIconUri":"/17016901407422741965/Nf7e6f234-0596-44cf-8779-2cd6373c2a59-large.png","wideIconUri":"/17016901407422741965/Na19a668f-9000-47e8-a71c-5b2727d434f4-wide.png"},"connectionReferences":{"2ced8faa-d753-44f1-8437-cd46e934df18":{"id":"6b1be9ae-5055-46ab-a675-4cd4fb98feb2","displayName":"SharePoint","iconUri":"https://connectoricons-prod.azureedge.net/sharepointonline/icon_1.0.1278.1753.png","dataSources":["TSC-AuditGroups","TSC-Feature","TSC-NewJobDirectory","TSC-NewJobDirectory-Features","TSC-NewJobDirectory-Members"],"dependencies":[],"dependents":[],"parameterHints":{},"isOnPremiseConnection":false,"bypassConsent":false,"dataSets":{"https://doimspp.sharepoint.com/sites/bor-tsc/":{"dataSources":{"TSC-AuditGroups":{"tableName":"c66941f5-8315-4a69-98a8-75e9ff8bf670"},"TSC-Feature":{"tableName":"2486f378-3a63-4e3c-ab2a-fb910a7a40a0"},"TSC-NewJobDirectory":{"tableName":"404abd5e-148d-418a-b8fe-d6032490a530"},"TSC-NewJobDirectory-Features":{"tableName":"f6ffec50-fbf7-4f7b-9e36-9b3c5e4eae33"},"TSC-NewJobDirectory-Members":{"tableName":"a1d28182-3e02-45e6-844e-d31f965427a4"}}}},"apiTier":"Standard","isCustomApiConnection":false}},"databaseReferences":{},"almMode":"Environment","performanceOptimizationEnabled":false},"isAppComponentLibrary":false,"appComponents":[]}}